Altium Designer Pick and Place Locations
C:\Users\Public\Documents\Altium\MetamerBadge\Project Outputs for MetamerBadge\ASSY\Pick Place\Pick Place for MetamerBadge(Default).csv

========================================================================================================================
File Design Information:

Date:       10-10-24
Time:       16:00
Revision:   Not in VersionControl
Variant:    Default
Units used: mm

"Designator","Comment","Layer","Footprint","Center-X(mm)","Center-Y(mm)","Rotation","Description"
"R12","ERJ-3GEY0R00V","BottomLayer","RES0603R","29.9947","23.5447","225","RES SMD 0 OHM JUMPER 1/10W 0603"
"U3","PY32F002BF15U","BottomLayer","QFN40P300X300X55_HS-21N","32.6747","25.1253","135",""
"R10","CRCW060310K0FKEC","BottomLayer","RES0603R","34.2000","22.4250","225","RES SMD 10K OHM 1% 1/10W 0603"
"R9","ERJ-3EKF1001V","BottomLayer","RES0603R","25.7500","22.4000","43","RES SMD 1K OHM 1% 1/10W 0603"
"D18","QBLP631-R","BottomLayer","LED0603","28.2750","24.2750","223","LED"
"C7","CGA3E2X7R1H104K080AE","BottomLayer","CAP0603R","35.9000","25.1250","315","CAP CER 0.1UF 50V X7R 0603"
"C6","CGA3E1X7R1C105M080AC","BottomLayer","CAP0603R","31.8000","22.3750","135","CAP CER 1UF 16V X7R 0603"
"D17","ESD7002WTT1G","BottomLayer","SOT65P220X100-3N","14.3554","22.0612","250","Clamp - Ipp Tvs Diode Surface Mount SC-70-3 (SOT323)"
"U1","LP5018RSMR","BottomLayer","FP-RSM0032B-MFG","17.4553","31.4637","340","LED DRIVER"
"R8","ERJ-3EKF1001V","BottomLayer","RES0603R","13.6500","11.3750","115","RES SMD 1K OHM 1% 1/10W 0603"
"R7","ERJ-3EKF9092V","BottomLayer","RES0603R","21.7250","10.8500","295","RES SMD 90.9K OHM 1% 1/10W 0603"
"R6","CRCW060310K0FKEC","BottomLayer","RES0603R","12.9000","27.5750","250","RES SMD 10K OHM 1% 1/10W 0603"
"R5","CRCW06033K65FKEA","BottomLayer","RES0603R","14.5250","28.6000","70","RES SMD 3.65K OHM 1% 1/10W 0603"
"R4","CRCW060333R0FKEA","BottomLayer","RES0603R","15.1250","26.7500","70","RES SMD 33 OHM 1% 1/10W 0603"
"R3","CRCW060333R0FKEA","BottomLayer","RES0603R","16.1935","26.3452","70","RES SMD 33 OHM 1% 1/10W 0603"
"Q1","NTR1P02T1G","BottomLayer","ONSC-SOT-23-3-318-08_V","19.0878","15.4329","115","Power MOSFET, -20 V, -1 A, P-Channel, 3-Pin SOT-23, Pb-Free, Tape and Reel"
"U2","AP22653AW6-7","BottomLayer","SOT95P280X145-6N","19.0500","10.2000","295","Integrated Circuit"
"D19","QBLP631-R","BottomLayer","LED0603","15.0000","14.8500","205","LED"
"C5","CGA3E2X7R1H104K080AE","BottomLayer","CAP0603R","16.3750","12.0000","25","CAP CER 0.1UF 50V X7R 0603"
"C4","CGA3E1X7R1C105M080AC","BottomLayer","CAP0603R","15.8750","13.1500","25","CAP CER 1UF 16V X7R 0603"
"C3","CGA3E1X7R1C105M080AC","BottomLayer","CAP0603R","17.0000","8.6000","295","CAP CER 1UF 16V X7R 0603"
"C2","CGA3E1X7R1C105M080AC","BottomLayer","CAP0603R","13.7500","29.9750","70","CAP CER 1UF 16V X7R 0603"
"C1","CGA3E1X7R1C105M080AC","BottomLayer","CAP0603R","17.9000","28.1000","160","CAP CER 1UF 16V X7R 0603"
